cell,corner,temp_c,vdd,wn_um,wp_um,delay_ps,p_leak_nw,e_dyn_fj,area_um2
INV,ss,25.0,1.62,0.42,0.84,72.0713805593265,0.01252746683034294,25.309540450534943,4.81712
INV,ss,25.0,1.8,0.42,0.84,65.34414896208617,0.019894242002828046,31.35159440871626,4.81712
INV,ss,125.0,1.62,0.42,0.84,91.78547561961318,5.458388225500322,25.136253645578456,4.81712
INV,ss,125.0,1.8,0.42,0.84,84.78853346178958,7.858166864242885,31.09551827283829,4.81712
INV,tt,25.0,1.62,0.42,0.84,54.912428217863045,0.11564172123925644,25.575118740477826,4.81712
INV,tt,25.0,1.8,0.42,0.84,50.49682997628055,0.18327693862081867,31.699827890299325,4.81712
INV,tt,125.0,1.62,0.42,0.84,70.11151405899146,27.4211551187595,25.332038555605692,4.81712
INV,tt,125.0,1.8,0.42,0.84,65.47776753713109,39.11392914630515,31.34870832026048,4.81712
INV,ff,25.0,1.62,0.42,0.84,43.188681561416615,1.0601199152120582,25.900539458784348,4.81712
INV,ff,25.0,1.8,0.42,0.84,40.21616628387527,1.6733709195546382,32.122214746674366,4.81712
INV,ff,125.0,1.62,0.42,0.84,55.133983960106384,129.14301962161224,25.56989300501418,4.81712
INV,ff,125.0,1.8,0.42,0.84,51.99565300833132,181.29739769324152,31.65370395742669,4.81712
NAND2,ss,25.0,1.62,0.84,0.84,84.47231243911,0.015097941275223984,28.639450442506188,6.506240000000001
NAND2,ss,25.0,1.8,0.84,0.84,76.59583703221048,0.023517228696085173,35.46085410944994,6.506240000000001
NAND2,ss,125.0,1.62,0.84,0.84,107.58939405281103,6.6864695631495,28.469293481019275,6.506240000000001
NAND2,ss,125.0,1.8,0.84,0.84,99.39734970600892,9.501038401967795,35.20935158752107,6.506240000000001
NAND2,tt,25.0,1.62,0.84,0.84,64.36549003306752,0.14208720042330117,28.900414358194162,6.506240000000001
NAND2,tt,25.0,1.8,0.84,0.84,59.195042920666836,0.2209953038514934,35.80306431176316,6.506240000000001
NAND2,tt,125.0,1.62,0.84,0.84,82.18867983649022,34.22704560572868,28.66168736927549,6.506240000000001
NAND2,tt,125.0,1.8,0.84,0.84,76.76311772153579,48.244500577747054,35.45817441703624,6.506240000000001
NAND2,ff,25.0,1.62,0.84,0.84,50.626238988085476,1.3286097465412536,29.220208254245662,6.506240000000001
NAND2,ff,25.0,1.8,0.84,0.84,47.14529355140537,2.0597898079309673,36.21817697338325,6.506240000000001
NAND2,ff,125.0,1.62,0.84,0.84,64.63433861065161,164.5289337771964,28.895440174109563,6.506240000000001
NAND2,ff,125.0,1.8,0.84,0.84,60.95955837081806,228.57930194647048,35.75793016873556,6.506240000000001
NOR2,ss,25.0,1.62,0.42,1.68,92.90460307194914,0.015469077790812783,31.275964576250107,7.882560000000002
NOR2,ss,25.0,1.8,0.42,1.68,84.22420136010757,0.025024721790815253,38.71462866277486,7.882560000000002
NOR2,ss,125.0,1.62,0.42,1.68,118.28079080122373,6.631997707071284,31.107068929736794,7.882560000000002
NOR2,ss,125.0,1.8,0.42,1.68,109.25198966809864,9.672888746784842,38.4651232188836,7.882560000000002
NOR2,tt,25.0,1.62,0.42,1.68,70.79275808900016,0.1400785994004846,31.534524152626656,7.882560000000002
NOR2,tt,25.0,1.8,0.42,1.68,65.09604282618602,0.22620042638330418,39.053615920983724,7.882560000000002
NOR2,tt,125.0,1.62,0.42,1.68,90.35632905636345,32.680572884044494,31.297662675828853,7.882560000000002
NOR2,tt,125.0,1.8,0.42,1.68,84.37760143080257,47.19348653923751,38.711571413259165,7.882560000000002
NOR2,ff,25.0,1.62,0.42,1.68,55.68741874213568,1.2580828465761682,31.851301402564403,7.882560000000002
NOR2,ff,25.0,1.8,0.42,1.68,51.852960688960756,2.0232352357823506,39.46473746402917,7.882560000000002
NOR2,ff,125.0,1.62,0.42,1.68,71.06206935036082,150.58003409953758,31.529181955338444,7.882560000000002
NOR2,ff,125.0,1.8,0.42,1.68,67.01311273812544,213.78634842503877,39.00841261585486,7.882560000000002
AOI21,ss,25.0,1.62,0.84,1.68,104.87153727081876,0.011274720147308643,34.724641790221355,9.57168
AOI21,ss,25.0,1.8,0.84,1.68,94.97438165201144,0.01790481780254524,42.97051456350855,9.57168
AOI21,ss,125.0,1.62,0.84,1.68,133.84865216561548,4.912549402950289,34.558875987177615,9.57168
AOI21,ss,125.0,1.8,0.84,1.68,123.55453274403325,7.072350177818595,42.72558273356638,9.57168
AOI21,tt,25.0,1.62,0.84,1.68,79.6395778225341,0.1040775491153308,34.97858699234298,9.57168
AOI21,tt,25.0,1.8,0.84,1.68,73.14370013380162,0.16494924475873682,43.303478542447564,9.57168
AOI21,tt,125.0,1.62,0.84,1.68,101.97986154801606,24.67903960688355,34.74607871149865,9.57168
AOI21,tt,125.0,1.8,0.84,1.68,95.16281646046046,35.20253623167464,42.96766371003493,9.57168
AOI21,ff,25.0,1.62,0.84,1.68,62.40104510938979,0.9541079236908524,35.28973742002571,9.57168
AOI21,ff,25.0,1.8,0.84,1.68,58.02832485767749,1.5060338275991743,43.70732589073807,9.57168
AOI21,ff,125.0,1.62,0.84,1.68,79.95843294833139,116.22871765945105,34.973496346433826,9.57168
AOI21,ff,125.0,1.8,0.84,1.68,75.34153189223636,163.16765792391732,43.259265027163735,9.57168
OAI21,ss,25.0,1.62,0.84,1.68,104.87153727081876,0.011274720147308643,34.724641790221355,9.57168
OAI21,ss,25.0,1.8,0.84,1.68,94.97438165201144,0.01790481780254524,42.97051456350855,9.57168
OAI21,ss,125.0,1.62,0.84,1.68,133.84865216561548,4.912549402950289,34.558875987177615,9.57168
OAI21,ss,125.0,1.8,0.84,1.68,123.55453274403325,7.072350177818595,42.72558273356638,9.57168
OAI21,tt,25.0,1.62,0.84,1.68,79.6395778225341,0.1040775491153308,34.97858699234298,9.57168
OAI21,tt,25.0,1.8,0.84,1.68,73.14370013380162,0.16494924475873682,43.303478542447564,9.57168
OAI21,tt,125.0,1.62,0.84,1.68,101.97986154801606,24.67903960688355,34.74607871149865,9.57168
OAI21,tt,125.0,1.8,0.84,1.68,95.16281646046046,35.20253623167464,42.96766371003493,9.57168
OAI21,ff,25.0,1.62,0.84,1.68,62.40104510938979,0.9541079236908524,35.28973742002571,9.57168
OAI21,ff,25.0,1.8,0.84,1.68,58.02832485767749,1.5060338275991743,43.70732589073807,9.57168
OAI21,ff,125.0,1.62,0.84,1.68,79.95843294833139,116.22871765945105,34.973496346433826,9.57168
OAI21,ff,125.0,1.8,0.84,1.68,75.34153189223636,163.16765792391732,43.259265027163735,9.57168
MUX2,ss,25.0,1.62,0.84,1.68,109.75415519573998,0.026307680343720167,36.43505512422136,13.70064
MUX2,ss,25.0,1.8,0.84,1.68,99.43387899596476,0.041777908205938886,45.08213596350855,13.70064
MUX2,ss,125.0,1.62,0.84,1.68,139.97009204719683,11.462615273550675,36.26928932117761,13.70064
MUX2,ss,125.0,1.8,0.84,1.68,129.2358811530772,16.502150414910055,44.837204133566374,13.70064
MUX2,tt,25.0,1.62,0.84,1.68,83.4434856865132,0.24284761460243856,36.68900032634298,13.70064
MUX2,tt,25.0,1.8,0.84,1.68,76.66989795184287,0.38488157110371923,45.415099942447554,13.70064
MUX2,tt,125.0,1.62,0.84,1.68,106.73885531677284,57.584425749394946,36.45649204549865,13.70064
MUX2,tt,125.0,1.8,0.84,1.68,99.6303697195369,82.13925120724082,45.079285110034924,13.70064
MUX2,ff,25.0,1.62,0.84,1.68,65.46797577935978,2.2262518219453216,37.00015075402571,13.70064
MUX2,ff,25.0,1.8,0.84,1.68,60.908314147257464,3.5140789310647396,45.818947290738066,13.70064
MUX2,ff,125.0,1.62,0.84,1.68,83.7759724223678,271.20034120538577,36.68390968043383,13.70064
MUX2,ff,125.0,1.8,0.84,1.68,78.96169083267644,380.72453515580713,45.37088642716373,13.70064
XOR2,ss,25.0,1.62,0.84,1.68,118.65121258289518,0.030065920392823055,38.487551125021355,13.70064
XOR2,ss,25.0,1.8,0.84,1.68,107.81684405807434,0.04774618080678731,47.616081643508544,13.70064
XOR2,ss,125.0,1.62,0.84,1.68,150.37232051007726,13.100131741200773,38.321785321977615,13.70064
XOR2,ss,125.0,1.8,0.84,1.68,139.10339762479904,18.859600474182923,47.371149813566376,13.70064
XOR2,tt,25.0,1.62,0.84,1.68,91.02990826122027,0.2775401309742154,38.74149632714298,13.70064
XOR2,tt,25.0,1.8,0.84,1.68,83.91890228308347,0.43986465268996483,47.94904562244756,13.70064
XOR2,tt,125.0,1.62,0.84,1.68,115.48570911484953,65.8107722850228,38.50898804629865,13.70064
XOR2,tt,125.0,1.8,0.84,1.68,108.02312273411749,93.87342995113237,47.613230790034926,13.70064
XOR2,ff,25.0,1.62,0.84,1.68,72.15896963654373,2.54428779650894,39.05264675482571,13.70064
XOR2,ff,25.0,1.8,0.84,1.68,67.37217386534542,4.016090206931133,48.35289297073806,13.70064
XOR2,ff,125.0,1.62,0.84,1.68,91.37895742968556,309.94324709186947,38.736405681233826,13.70064
XOR2,ff,125.0,1.8,0.84,1.68,86.3248581095421,435.11375446377957,47.90483210716373,13.70064
DFF,ss,25.0,1.62,0.42,0.84,112.73960231821586,0.17287904225873255,31.438590454534943,23.084640000000004
DFF,ss,25.0,1.8,0.42,0.84,102.66174784732877,0.27454053963902697,38.91832280871626,23.084640000000004
DFF,ss,125.0,1.62,0.42,0.84,142.2726692523623,75.32575751190443,31.265303649578453,23.084640000000004
DFF,ss,125.0,1.8,0.42,0.84,131.79076985756706,108.4427027265518,38.66224667283829,23.084640000000004
DFF,tt,25.0,1.62,0.42,0.84,87.0343144786989,1.595855753101739,31.70416874447783,23.084640000000004
DFF,tt,25.0,1.8,0.42,0.84,80.4194453698625,2.529221752967298,39.26655629029933,23.084640000000004
DFF,tt,125.0,1.62,0.42,0.84,109.80358783926651,378.411940638881,31.461088559605688,23.084640000000004
DFF,tt,125.0,1.8,0.42,0.84,102.8619176399761,539.772222219011,38.91543672026048,23.084640000000004
DFF,ff,25.0,1.62,0.42,0.84,69.47133765095236,14.629654829926402,32.029589462784344,23.084640000000004
DFF,ff,25.0,1.8,0.42,0.84,65.01830582849524,23.092518689854007,39.68894314667437,23.084640000000004
DFF,ff,125.0,1.62,0.42,0.84,87.36622018095446,1782.1736707782493,31.698943009014183,23.084640000000004
DFF,ff,125.0,1.8,0.42,0.84,82.66478510230426,2501.9040881667324,39.220432357426695,23.084640000000004
