cell,wn_um,wp_um,l_um,delay_mean_ps,delay_std_ps,leak_mean_nw,leak_std_nw,yield,n_mc
INV,1.5375909122104996,3.6693600310593832,0.15,34.74794248104254,0.2684272558520772,4.396316135636873,0.5949436608147141,1.0,400
NAND2,0.5081929932371667,0.6807099014792977,0.15,120.83017773767104,2.6494870901328493,1.080895789341445,0.36710299471696,0.0,400
NOR2,2.095540248941343,5.273595091965807,0.15,53.8621146439844,0.28349485346132186,6.391393681672729,1.1918436781809243,1.0,400
AOI21,1.978433583499467,3.409355681296466,0.15,80.28331080243946,0.5049977729244797,2.207353430122509,0.29439838655438577,1.0,400
OAI21,2.452589037318023,7.214388232434963,0.15,73.50078690406679,0.5016101345538642,3.5769489121814035,0.32986175279516117,1.0,400
MUX2,1.298301487037172,2.4012460750047437,0.15,99.77748545351588,0.9018491673883674,3.540790398885182,0.5948045151501877,1.0,400
XOR2,2.6296315815193405,4.337873783772151,0.15,89.87315296690734,0.4028184447848526,7.628073235687643,0.8958401499397377,1.0,400
INV,2.637168926024931,6.147193288142165,0.15,28.475731971201547,0.1314558652326235,7.572281664447688,0.8021613077355739,0.715,400
NAND2,0.4831689213860685,1.1090308875318649,0.15,110.76029914652838,2.565505405953475,1.6254907351588563,0.4135520171449497,0.0,400
NOR2,2.262314314210451,4.587208941469222,0.15,54.57450605375518,0.29430175303491685,6.736722860211947,1.1618694901178754,1.0,400
AOI21,3.45871826193415,6.178490551376653,0.15,67.44105301656424,0.2677617293398829,3.908331407649403,0.371650472274332,1.0,400
OAI21,2.2605308684422205,2.9682142340645123,0.15,80.98046444694434,0.5360284298038845,2.261672781756437,0.30668178116106104,1.0,400
MUX2,3.1488544660956155,5.82720345072184,0.15,74.6119190112133,0.3146125248634745,8.438891310617981,0.8467084395532214,1.0,400
XOR2,3.0906855177386205,6.6667349295974745,0.15,85.59251131218274,0.37136711747551604,10.121115857293592,0.9865621347388985,1.0,400
INV,0.9753813452439146,1.9317246970397879,0.15,45.33531674155382,0.5389428106469706,2.5834109851959313,0.47587187027515204,1.0,400
NAND2,2.2698591961026233,5.40603051028451,0.15,50.050473090751275,0.3924828516008562,7.593685128091105,0.9177559001048297,1.0,400
NOR2,3.29553793327624,7.966874251599136,0.15,48.027174265455734,0.15798780847361632,10.044380031734285,1.4819460760740464,0.8925,400
AOI21,3.333752094452872,4.195781907813542,0.15,71.91818756818637,0.3738493940691763,3.2283438996270863,0.35769346345970215,1.0,400
OAI21,2.608286672238846,4.700760820652691,0.15,72.78854129288428,0.369366954719431,2.9340132662198823,0.3463309615554538,1.0,400
MUX2,1.9583820626402535,5.338498791924807,0.15,84.05247275758653,0.621017462476125,6.377752555362065,0.7416270394284465,1.0,400
XOR2,1.4277913723230762,4.253468182715591,0.15,104.25251242703656,0.8852849222939051,5.627115246398196,0.7192505826341431,1.0,400
INV,1.0219199361789522,2.0627183479528015,0.15,43.960341143830576,0.44994894953434755,2.7573141672064425,0.4995196348780194,1.0,400
NAND2,3.4035920499912993,8.0,0.15,44.55456830078034,0.2700237847259995,11.154101599966104,1.0845005283204894,0.7725,400
NOR2,2.7157984837863527,4.6345914591400055,0.15,53.53725592510819,0.2672384160619741,8.007843964974855,1.3139833102346152,0.995,400
AOI21,0.8644457894792736,1.290263748188381,0.15,123.85861947340437,1.762458577923707,0.9250438379658829,0.18363612791931286,0.0,400
OAI21,3.2357535476462482,7.082768196288956,0.15,67.93607494355491,0.311003251944286,4.0347973630297425,0.3785070065115739,1.0,400
MUX2,2.512234607842398,4.882326604116169,0.15,78.79003354277467,0.38175440839263336,6.846623402531964,0.759227561039803,1.0,400
XOR2,3.215692529364528,8.0,0.15,85.46088309368788,0.41422251123636544,11.30819278722366,0.9911905486596769,1.0,400
INV,2.4908909115849993,4.183961272225221,0.15,30.255151753610914,0.1635565428090765,6.093779945994147,0.706088497838238,0.9875,400
NAND2,0.466302546844267,1.3654009324853544,0.15,110.3103153176721,2.8594119297725915,1.9266500081065396,0.48446355780124534,0.0,400
NOR2,1.670611557893193,2.6962918173627006,0.15,65.06937674785883,0.52774222660773,5.014085786620933,0.9635460261372029,1.0,400
AOI21,0.646535108305371,1.4528783351685326,0.15,130.80197269751375,1.9022288335304072,0.8353867037762214,0.17752175193280986,0.0,400
OAI21,2.0962026592331604,5.5515612765810385,0.15,76.27131519048199,0.5455848960975934,2.8831754162583803,0.31518648518156306,1.0,400
MUX2,1.227880288470004,3.3181499827717165,0.15,97.97629843091173,1.0364573453172647,3.9968926730736007,0.5861890091849209,1.0,400
XOR2,1.7807537930085258,4.0073136131996066,0.15,97.46549032429965,0.6122204451256756,6.063075978767663,0.8029376105025722,1.0,400
INV,0.4289961082408856,1.2864316917433458,0.15,69.24946040485688,1.5096148288542737,1.4856220023937414,0.3739833134762186,0.0,400
NAND2,1.9701052614898287,2.6282894378144217,0.15,54.235546285328525,0.3996199790612374,3.9997258578686425,0.6472051729265546,1.0,400
NOR2,1.4026310732625977,2.0875016484450164,0.15,72.64512994621973,0.7988495005087307,4.073102206126738,0.956210574092524,1.0,400
AOI21,1.5385624503365933,4.656349685768296,0.15,84.44292889264163,0.8018057984164395,2.278787386296674,0.28815519818564295,1.0,400
OAI21,3.257991947418117,8.0,0.15,68.0031950695964,0.33614248855247525,4.269904380552316,0.40053935995626494,1.0,400
