cell,wn_um,wp_um,wp_wn,delay_wc_ps,delay_tt_ps,energy_tt_fj,leak_wc_nw,area_um2,vm_v,yield,delay_mc_mean,delay_mc_std,cin_ff,t_setup_ps,t_cq_ps,t_hold_ps,slew_out_ps,sizing
INV,0.42,0.84,2.0,92.91847561961319,51.62982997628055,31.928895888682543,5.458388225500322,4.81712,0.8732108695583252,0.0,85.64165814486259,2.0388524690794387,1.8269999999999995,0.0,0.0,0.0,105.84115145137511,min
INV,0.84,1.68,2.0,56.59786777107399,32.95451275527825,37.937791777365085,10.916776451000644,6.193440000000001,0.8732108695583252,1.0,52.355741520004266,0.749730970191927,3.653999999999999,0.0,0.0,0.0,67.55675114832042,balanced
INV,1.215680672691572,2.1174738153706834,1.7418010032869078,47.10500694816437,28.064566263133937,41.92445909204985,14.772826191358853,6.910230430441642,0.8517836686017214,1.0,43.67807537731588,0.481235155236506,4.83307400769027,0.0,0.0,0.0,57.53236083942456,ml_opt
NAND2,0.84,0.84,1.0,108.91672232167798,60.522371189533786,36.02811497705702,6.6864695631495,6.506240000000001,0.7688594505885493,0.0,100.29544780327289,1.8346393112266812,2.4359999999999995,0.0,0.0,0.0,124.07086093854424,min
NAND2,1.68,1.68,1.0,71.4409006822774,41.25091938428266,46.13622995411403,13.372939126299,7.882560000000002,0.7688594505885493,1.0,65.98889931328804,0.6991691811399321,4.871999999999999,0.0,0.0,0.0,84.56438473777945,balanced
NAND2,1.567560961305958,2.091197898227425,1.334045660645451,69.00994313742953,40.02917853272302,47.59924426488749,15.902317412480519,8.556297965819489,0.8111009735285547,1.0,63.74421451875614,0.636826488108796,5.305200346323405,0.0,0.0,0.0,82.05981599208219,ml_opt
NOR2,0.42,1.68,4.0,119.75200807500306,66.56726009996535,39.27668919781434,6.631997707071284,7.882560000000002,0.9795934833126464,1.0,110.27799236469053,2.1507028060058806,3.0449999999999995,0.0,0.0,0.0,136.46288320492897,min
NOR2,0.84,3.36,4.0,82.14069787467844,47.231731749493036,52.63337839562868,13.263995414142569,10.635200000000001,0.9795934833126464,1.0,75.83506821365339,0.9184272996498194,6.089999999999999,0.0,0.0,0.0,96.82505008646072,balanced
NOR2,0.8008612062524773,1.7192769215190735,2.146785120937746,98.44914876708683,55.52978216571059,42.02070843099755,11.57832217178436,7.946914300744205,0.8842293835646489,1.0,90.80238796437688,1.2078664776898582,3.654200285268748,0.0,0.0,0.0,113.8360534397067,ml_opt
AOI21,0.84,1.68,2.0,135.3326502844373,74.62769825262342,43.52253448618882,4.912549402950289,9.57168,0.8732108695583252,0.0,124.41613938622696,1.7127159121740616,3.653999999999999,0.0,0.0,0.0,152.986781417878,min
AOI21,1.68,3.36,2.0,96.76832800297248,54.80003322040771,61.12506897237763,9.825098805900579,12.324320000000002,0.8732108695583252,1.0,89.14638283698494,0.7198315452145885,7.307999999999998,0.0,0.0,0.0,112.3400681018358,balanced
AOI21,1.5277292563766367,2.7336702542230618,1.7893682685023609,102.60535831610062,57.78423399512715,55.74127931521183,8.46109182357504,11.298093624157483,0.8559481593141806,1.0,94.49263624955823,0.8257474180767742,6.179029290369561,0.0,0.0,0.0,118.45767969001065,ml_opt
OAI21,0.84,1.68,2.0,135.3326502844373,74.62769825262342,43.52253448618882,4.912549402950289,9.57168,0.8732108695583252,0.0,124.41613938622696,1.7127159121740616,3.653999999999999,0.0,0.0,0.0,152.986781417878,min
OAI21,1.68,3.36,2.0,96.76832800297248,54.80003322040771,61.12506897237763,9.825098805900579,12.324320000000002,0.8732108695583252,1.0,89.14638283698494,0.7198315452145885,7.307999999999998,0.0,0.0,0.0,112.3400681018358,balanced
OAI21,1.5646425927214676,2.7443263129387283,1.7539637011704845,101.95120382389186,57.4450304126888,56.0843231840102,8.584020510341922,11.31555332264742,0.8528585391739956,1.0,93.8967054045606,0.808537836701105,6.248004913207282,0.0,0.0,0.0,117.76231234601204,ml_opt
MUX2,0.84,1.68,2.0,141.58406327525512,78.28386917990116,45.634155886188815,11.462615273550675,13.70064,0.8732108695583252,1.0,130.19417604581443,1.7397157371304088,3.653999999999999,0.0,0.0,0.0,160.48193181879736,min
MUX2,1.68,3.36,2.0,103.29651842643241,58.598507963706155,65.34831177237763,22.92523054710135,16.453280000000003,0.8732108695583252,1.0,95.17559021197472,0.7478973146698077,7.307999999999998,0.0,0.0,0.0,120.12694132559761,balanced
MUX2,1.0571553983103443,1.629162116375683,1.5410810170194271,134.20799912663443,74.4392216202381,47.0179481898606,12.760242574250022,13.617343338107359,0.8329670685203959,1.0,123.47940801711404,1.4884523229636242,3.8951603962947385,0.0,0.0,0.0,152.6004043214881,ml_opt
XOR2,0.84,1.68,2.0,152.63832051007725,86.18490228308346,48.16810156618882,13.100131741200773,13.70064,0.8732108695583252,1.0,140.67348646395638,1.775533217508039,3.653999999999999,0.0,0.0,0.0,176.67904968032107,min
XOR2,1.68,3.36,2.0,114.62755309389664,66.64184488290911,70.41620313237763,26.200263482401546,16.453280000000003,0.8732108695583252,1.0,105.90571023886895,0.7833143082280803,7.307999999999998,0.0,0.0,0.0,136.61578200996368,balanced
XOR2,1.0371060163449688,1.6223084355272142,1.5642648002801591,145.90962329133248,82.67317783308889,49.475949570889654,14.400903067212695,13.606113745220021,0.8352508796330217,1.0,134.55104063857232,1.5339509706487018,3.8561509552146642,0.0,0.0,0.0,169.4800145578322,ml_opt
DFF,0.42,0.84,2.0,142.2726692523623,80.4194453698625,39.49562428868255,75.32575751190443,23.084640000000004,0.8732108695583252,1.0,131.08462645452875,1.781223670421275,1.8269999999999995,49.348296022415624,80.4194453698625,8.224716003735937,146.89850329074355,min
DFF,0.84,1.68,2.0,142.2726692523623,80.4194453698625,53.07124857736509,150.65151502380886,24.460960000000004,0.8732108695583252,1.0,131.01017988591462,1.2556363570483255,3.653999999999999,49.348296022415624,80.4194453698625,8.224716003735937,108.49020525208027,balanced
DFF,0.5359486084293305,0.7697395896530187,1.436219028367,139.37230782705996,78.8610787407938,40.09258048682808,82.48636184431867,22.96951999051339,0.8222380014728936,1.0,128.4730091178938,1.4368292330227646,1.893247887219406,48.39202559094165,78.8610787407938,8.065337598490276,141.60131273844985,ml_opt
